ID,Images,RecordDate,Material,Origin,MaterialCondition,Dimension,GeometryClass,TurningOrientation,DryingOrientation,Failure Class,State,Intervention,Availability,AcquisitionStripe
MR-25-02,"MR%20Inventory/MR-25-02/MR-25-02_A.webp, MR%20Inventory/MR-25-02/MR-25-02_B.webp, MR%20Inventory/MR-25-02/MR-25-02_C.webp, MR%20Inventory/MR-25-02/MR-25-02_D.webp, MR%20Inventory/MR-25-02/MR-25-02_E.webp, MR%20Inventory/MR-25-02/MR-25-02_F.webp",1 April 2026 17:16,Oak,Essex,"Mould, Pitch crack"," Ø23 × H29 cm",Rebate rim,Side grain,Lateral,B- Fracture,Stable,"Epoxy infill, Oiling, Scorching, Surface coating (pigmented), Wax retention",Available,https://buy.stripe.com/cNi00lasH4LFcx45vd9ws00
MR-25-11,MR%20Inventory/MR-25-11/MR-25-11.webp,3 February 2026 00:06,Oak,Essex,Mould,Ø13 × H23 cm,Plain wall,End grain,,A- Deformation,Resolved,Wax retention,Archive,
MR-26-08,"MR%20Inventory/MR-26-08/MR-26-08_A.webp, MR%20Inventory/MR-26-08/MR-26-08_B.webp, MR%20Inventory/MR-26-08/MR-26-08_C.webp, MR%20Inventory/MR-26-08/MR-26-08_D.webp, MR%20Inventory/MR-26-08/MR-26-08_E.webp",4 October 2026 18:26,Oak,Galloway,"Bark pocket, Branch inclusion, Crotch, Insect activity, Surface protuberances"," Ø24 × H29 cm",Plain wall,Mixed,Vertical,A- Deformation,Stable,None,Reserved,
MR-26-03,"MR%20Inventory/MR-26-03/MR-26-03_A.webp, MR%20Inventory/MR-26-03/MR-26-03_B.webp, MR%20Inventory/MR-26-03/MR-26-03_C.webp, MR%20Inventory/MR-26-03/MR-26-03_E.webp, MR%20Inventory/MR-26-03/MR-26-03_F.webp, MR%20Inventory/MR-26-03/MR-26-03_H1.webp",15 May 2026 17:06,Ash,Surrey,Mould,Ø22 × H29cm,Grooved,Side grain,Lateral,A- Deformation,Resolved,Soaking,Reserved,
MR-26-13,"MR%20Inventory/MR-26-13/MR-26-13_2_A.webp, MR%20Inventory/MR-26-13/MR-26-13_2_B.webp, MR%20Inventory/MR-26-13/MR-26-13_2_C.webp, MR%20Inventory/MR-26-13/MR-26-13_A.webp, MR%20Inventory/MR-26-13/MR-26-13_B.webp, MR%20Inventory/MR-26-13/MR-26-13_C.webp",4 October 2026 18:27,Oak,Essex,Mould,Ø48 × H29 cm,Grooved,End grain,Lateral,C - Rupture,Resolved,"Oiling, Scorching, Soaking",Enquiries,
MR-26-05,"MR%20Inventory/MR-26-05/MR-26-05_A.webp, MR%20Inventory/MR-26-05/MR-26-05_B.webp, MR%20Inventory/MR-26-05/MR-26-05_C.webp, MR%20Inventory/MR-26-05/MR-26-05_D.webp, MR%20Inventory/MR-26-05/MR-26-05_E.webp, MR%20Inventory/MR-26-05/MR-26-05_H1.webp",1 April 2026 16:55,Plum,Surrey,Fungal decay,Ø13 × H27cm,Stepped wall,Side grain,Vertical,C - Rupture,Resolved,"Oiling, Scorching",Available,
MR-26-06,"MR%20Inventory/MR-26-06/MR-26-06_A.webp, MR%20Inventory/MR-26-06/MR-26-06_B.webp, MR%20Inventory/MR-26-06/MR-26-06_C.webp, MR%20Inventory/MR-26-06/MR-26-06_D.webp, MR%20Inventory/MR-26-06/MR-26-06_E.webp, MR%20Inventory/MR-26-06/MR-26-06_F.webp, MR%20Inventory/MR-26-06/MR-26-06_H1.webp",1 April 2026 10:24,Plum,Surrey,"Branch inclusion, Insect activity",Ø15 × H23cm,Stepped wall,Mixed,Vertical,B- Fracture,Resolved,"Oiling, Scorching",Available,
MR-26-07,"MR%20Inventory/MR-26-07/MR-26-07_A.webp, MR%20Inventory/MR-26-07/MR-26-07_B.webp, MR%20Inventory/MR-26-07/MR-26-07_C.webp, MR%20Inventory/MR-26-07/MR-26-07_D.webp, MR%20Inventory/MR-26-07/MR-26-07_E.webp, MR%20Inventory/MR-26-07/MR-26-07_F.webp, MR%20Inventory/MR-26-07/MR-26-07_G.webp",4 October 2026 18:26,Oak,Surrey,Bark pocket," Ø21 × H35 cm",Plain wall,Mixed,Lateral,A- Deformation,Stable,Wax retention,Enquiries,
MR-26-12,"MR%20Inventory/MR-26-12/MR-26-12_A.webp, MR%20Inventory/MR-26-12/MR-26-12_B.webp, MR%20Inventory/MR-26-12/MR-26-12_C.webp, MR%20Inventory/MR-26-12/MR-26-12_D.webp",15 May 2026 17:15,Ash,Surrey,Mould," Ø23 × H33 cm",Grooved,Mixed,Lateral,A- Deformation,Resolved,Soaking,Available,https://buy.stripe.com/8x25kF44jfqjbt01eX9ws08
MR-25-08,"MR%20Inventory/MR-25-08/MR-25-08_A.webp, MR%20Inventory/MR-25-08/MR-25-08_B.webp, MR%20Inventory/MR-25-08/MR-25-08_C.webp, MR%20Inventory/MR-25-08/MR-25-08_D.webp, MR%20Inventory/MR-25-08/MR-25-08_E.webp, MR%20Inventory/MR-25-08/MR-25-08_F.webp",1 April 2026 17:24,Oak,Essex,," Ø23 × H29 cm",Rebate rim,Side grain,Lateral,C - Rupture,Resolved,"Butterfly join, Scorching",Available,https://buy.stripe.com/3cIaEZ58n0vpaoWe1J9ws07
MR-25-01,"MR%20Inventory/MR-25-01/MR-25-01_A.webp, MR%20Inventory/MR-25-01/MR-25-01_B.webp, MR%20Inventory/MR-25-01/MR-25-01_C.webp, MR%20Inventory/MR-25-01/MR-25-01_D.webp, MR%20Inventory/MR-25-01/MR-25-01_E.webp, MR%20Inventory/MR-25-01/MR-25-01_F.webp",8 April 2026 09:34,Oak,Essex,,Ø26 × H38 cm,Rebate rim,Side grain,Lateral,C - Rupture,Resolved,"Scorching, Sealing",Reserved,
MR-25-09,"MR%20Inventory/MR-25-09/MR-25-09_A.webp, MR%20Inventory/MR-25-09/MR-25-09_B.webp, MR%20Inventory/MR-25-09/MR-25-09_C.webp, MR%20Inventory/MR-25-09/MR-25-09_D.webp, MR%20Inventory/MR-25-09/MR-25-09_E.webp, MR%20Inventory/MR-25-09/MR-25-09_F.webp, MR%20Inventory/MR-25-09/MR-25-09_G.webp",27 April 2026 11:28,Oak,Essex,," Ø24 × H39 cm",Rebate rim,Side grain,Vertical,D- Collapse,Stable,"Butterfly join, Scorching",Archive,
MR-26-02,MR%20Inventory/MR-26-02/MR-26-02.webp,5 May 2026 11:11,Oak,N/A,," Ø23 × H28 cm",Plain wall,Side grain,Lateral,C - Rupture,Resolved,"Scorching, Soaking",Reserved,
MR-26-04,MR%20Inventory/MR-26-04/MR-26-04.webp,3 February 2026 00:08,Oak,N/A,," Ø25 × H22 cm",Plain wall,Side grain,Vertical,B- Fracture,Resolved,None,Reserved,
MR-25-06,"MR%20Inventory/MR-25-06/MR-25-06_A.webp, MR%20Inventory/MR-25-06/MR-25-06_B.webp, MR%20Inventory/MR-25-06/MR-25-06_C.webp, MR%20Inventory/MR-25-06/MR-25-06_D.webp, MR%20Inventory/MR-25-06/MR-25-06_E.webp, MR%20Inventory/MR-25-06/MR-25-06_F.webp",1 April 2026 17:21,Oak,Essex,," Ø23 × H29 cm",Rebate rim,Side grain,Lateral,B- Fracture,Resolved,Scorching,Available,https://buy.stripe.com/dRm9AV44j2DxdB86zh9ws05
MR-25-05,"MR%20Inventory/MR-25-05/MR-25-05_A.webp, MR%20Inventory/MR-25-05/MR-25-05_B.webp, MR%20Inventory/MR-25-05/MR-25-05_C.webp, MR%20Inventory/MR-25-05/MR-25-05_D.webp, MR%20Inventory/MR-25-05/MR-25-05_E.webp, MR%20Inventory/MR-25-05/MR-25-05_F.webp",1 April 2026 17:19,Oak,Essex,," Ø23 × H32 cm",Rebate rim,Side grain,Lateral,B- Fracture,Resolved,Scorching,Available,https://buy.stripe.com/28EeVf0S7dibcx45vd9ws06
MR-26-01,"MR%20Inventory/MR-26-01/MR-26-01_A.webp, MR%20Inventory/MR-26-01/MR-26-01_B.webp, MR%20Inventory/MR-26-01/MR-26-01_C.webp, MR%20Inventory/MR-26-01/MR-26-01_D.webp, MR%20Inventory/MR-26-01/MR-26-01_H2.webp, MR%20Inventory/MR-26-01/MR-26-01_H4.webp",16 March 2026 10:37,Oak,Essex,Pitch crack,Ø22 × H28 cm,Grooved,Side grain,Vertical,C - Rupture,Resolved,"Butterfly join, None",Available,https://buy.stripe.com/6oUdRb0S77XR0Om2j19ws02
MR-25-00,MR%20Inventory/MR-25-00/MR-25-00.webp,16 February 2026 19:14,Oak,Essex,," Ø23 × H25 cm",Rebate rim,Side grain,,A- Deformation,Resolved,,Reserved,
MR-25-04,MR%20Inventory/MR-25-04/MR-25-04.webp,16 February 2026 19:13,Oak,Essex,," Ø23 × H24 cm",Rebate rim,Side grain,Lateral,B- Fracture,Stable,"Epoxy infill, Scorching",Archive,
MR-25-03,MR%20Inventory/MR-25-03/MR-25-03.webp,16 February 2026 19:13,Oak,Essex,," Ø23 × H24 cm",Rebate rim,Side grain,Vertical,B- Fracture,Stable,"Epoxy infill, Scorching",Reserved,
MR-25-10,"MR%20Inventory/MR-25-10/MR-25-10_A.webp, MR%20Inventory/MR-25-10/MR-25-10_B.webp, MR%20Inventory/MR-25-10/MR-25-10_C.webp, MR%20Inventory/MR-25-10/MR-25-10_D.webp, MR%20Inventory/MR-25-10/MR-25-10_E.webp, MR%20Inventory/MR-25-10/MR-25-10_F.webp, MR%20Inventory/MR-25-10/MR-25-10_G.webp",4 April 2026 22:40,Sycamore,London,Fungal decay,Ø18 × H33 cm,Plain wall,End grain,Vertical,B- Fracture,Resolved,Scorching,Available,https://buy.stripe.com/3cI4gBeIX0vpaoWcXF9ws09
MR-26-14,MR%20Inventory/MR-26-14/MR-26-14.webp,16 February 2026 19:11,Oak,N/A,,,Plain wall,Side grain,Vertical,C - Rupture,Resolved,,Reserved,
MR-26-15,MR%20Inventory/MR-26-15/MR-26-15.webp,16 February 2026 19:11,Oak,N/A,,,Plain wall,Side grain,Vertical,B- Fracture,Resolved,,Reserved,
MR-24-12,"MR%20Inventory/MR-24-12/MR-24-12_A.webp, MR%20Inventory/MR-24-12/MR-24-12_B.webp",16 March 2026 10:57,Sycamore,Tooting,"Canker, Fungal decay",Ø22 × H28 cm,Plain wall,,,C - Rupture,Resolved,Plasticisation bath,Available,https://buy.stripe.com/aFacN70S76TNbt0aPx9ws03
MR-24-16,MR%20Inventory/MR-24-16/MR-24-16.webp,16 February 2026 19:05,Oak,Tooting,,Ø22 × H28 cm,Plain wall,,,B- Fracture,Resolved,"Butterfly join, Ebonization",Reserved,
MR-24-17,MR%20Inventory/MR-24-17/MR-24-17.webp,16 February 2026 19:05,Oak,Tooting,,Ø22 × H28 cm,Plain wall,,,B- Fracture,Resolved,"Butterfly join, Ebonization",Reserved,
MR-26-17,"MR%20Inventory/MR-26-17/MR-26-17_A.webp, MR%20Inventory/MR-26-17/MR-26-17_B..webp, MR%20Inventory/MR-26-17/MR-26-17_C..webp, MR%20Inventory/MR-26-17/MR-26-17_D.webp, MR%20Inventory/MR-26-17/MR-26-17_E.webp, MR%20Inventory/MR-26-17/MR-26-17_F.webp, MR%20Inventory/MR-26-17/MR-26-17_G.webp",1 April 2026 17:31,Plum,Surrey,"Bark pocket, Branch inclusion, Burl, Insect activity"," Ø24 × H35 cm",Plain wall,Mixed,Vertical,D- Collapse,Stable,Fiber bridging,Enquiries,
MR-26-18,"MR%20Inventory/MR-26-18/MR-26-18_A.webp, MR%20Inventory/MR-26-18/MR-26-18_B.webp, MR%20Inventory/MR-26-18/MR-26-18_C.webp, MR%20Inventory/MR-26-18/MR-26-18_D.webp, MR%20Inventory/MR-26-18/MR-26-18_E.webp, MR%20Inventory/MR-26-18/MR-26-18_G.webp",4 October 2026 18:16,Oak,Essex,Pitch crack," Ø29 × H41 cm",Grooved,Side grain,Lateral,B- Fracture,Resolved,Wax retention,Enquiries,
MR -24 -08,"MR%20Inventory/MR%20-24%20-08/MR-24-08.webp, MR%20Inventory/MR%20-24%20-08/MR-24-08_A.webp",16 February 2026 19:25,Oak,Berkshire,Mould,Ø11 × H15cm,,,,A- Deformation,Resolved,Ebonization,Available,
MR-24-13,MR%20Inventory/MR-24-13/MR-24-13.webp,16 February 2026 19:03,Oak,Essex,,Ø22 × H28 cm,,,,A- Deformation,Resolved,,Available,
MR-24-14,MR%20Inventory/MR-24-14/MR-24-14.webp,16 February 2026 19:04,Oak,Essex,,Ø22 × H25 cm,,,,A- Deformation,Resolved,,Available,
MR-24-15,MR%20Inventory/MR-24-15/MR-24-15.webp,16 February 2026 19:04,Oak,Essex,,Ø22 × H24 cm,,,,A- Deformation,Resolved,,Available,
MR-24-18,MR%20Inventory/MR-24-18/MR-24-18.webp,16 February 2026 19:14,Oak,Tooting,,Ø12 × H21cm,,,,C - Rupture,Resolved,,Archive,
MR-24-19,MR%20Inventory/MR-24-19/MR-24-19.webp,16 February 2026 19:14,Oak,Tooting,,Ø13 × H30 cm,,,,C - Rupture,Resolved,,Archive,
MR-24-11,"MR%20Inventory/MR-24-11/MR-24-11_A.webp, MR%20Inventory/MR-24-11/MR-24-11_B.webp, MR%20Inventory/MR-24-11/MR-24-11_C.webp",16 March 2026 11:07,Oak,Tooting,"Canker, Fungal decay",Ø22 × H28 cm,,,,C - Rupture,Resolved,Plasticisation bath,Available,https://buy.stripe.com/cNi00l1Wb7XR9kS9Lt9ws04
MR-24-10,"MR%20Inventory/MR-24-10/MR-24-10_A.webp, MR%20Inventory/MR-24-10/MR-24-10_B.webp, MR%20Inventory/MR-24-10/MR-24-10_C.webp, MR%20Inventory/MR-24-10/MR-24-10_D.webp, MR%20Inventory/MR-24-10/MR-24-10_E.webp",1 April 2026 16:50,Oak,Tooting,"Fungal decay, Mould",Ø16 × H18 cm,,,,C - Rupture,Resolved,Plasticisation bath,Available,
MR-25-12,"MR%20Inventory/MR-25-12/MR-25-12.webp, MR%20Inventory/MR-25-12/MR-25-12_A.webp",5 May 2026 11:12,Oak,N/A,Crotch,Ø21 × H21 cm,,,,C - Rupture,Resolved,Scorching,Reserved,
MR-25-13,"MR%20Inventory/MR-25-13/MR-25-13.webp, MR%20Inventory/MR-25-13/MR-25-13_A.webp",22 February 2026 21:28,,,,,,,,B- Fracture,Resolved,,Reserved,
MR-26-20,"MR%20Inventory/MR-26-20/MR-26-20_2_B.webp, MR%20Inventory/MR-26-20/MR-26-20_2_C.webp, MR%20Inventory/MR-26-20/MR-26-20_2_A.webp, MR%20Inventory/MR-26-20/MR-26-20_A.webp, MR%20Inventory/MR-26-20/MR-26-20_B.webp, MR%20Inventory/MR-26-20/MR-26-20_C.webp, MR%20Inventory/MR-26-20/MR-26-20_D.webp",4 October 2026 18:09,Maple,Kent,Crotch," Ø21 × H48 cm",Plain wall,Mixed,Lateral,C - Rupture,Resolved,Wax retention,Enquiries,
MR-26-19,"MR%20Inventory/MR-26-19/MR-26-19_2_C.webp, MR%20Inventory/MR-26-19/MR-26-19_2_B.webp, MR%20Inventory/MR-26-19/MR-26-19_2_A.webp, MR%20Inventory/MR-26-19/MR-26-19_A.webp, MR%20Inventory/MR-26-19/MR-26-19_B.webp, MR%20Inventory/MR-26-19/MR-26-19_C.webp, MR%20Inventory/MR-26-19/MR-26-19_D.webp",4 October 2026 18:09,Maple,Kent,Crotch," Ø24 × H40 cm",Plain wall,Mixed,Lateral,B- Fracture,Resolved,Wax retention,Enquiries,
MR-26-21,"MR%20Inventory/MR-26-21/MR-26-21_A.webp, MR%20Inventory/MR-26-21/MR-26-21_B.webp, MR%20Inventory/MR-26-21/MR-26-21_C.webp, MR%20Inventory/MR-26-21/MR-26-21_D.webp, MR%20Inventory/MR-26-21/MR-26-21_E.webp",4 October 2026 18:09,Ash,London,," Ø20 × H51 cm",Plain wall,Side grain,Lateral,B- Fracture,Stable,Wax retention,Enquiries,
MR-26-22,"MR%20Inventory/MR-26-22/MR-26-22_A.webp, MR%20Inventory/MR-26-22/MR-26-22_B.webp",4 October 2026 18:23,Ash,London,Fungal decay," Ø43 × H29 cm",Plain wall,End grain,Rotated,B- Fracture,Resolved,"Oiling, Scorching",Enquiries,
MR-26-23,"MR%20Inventory/MR-26-23/MR-26-23_A.webp, MR%20Inventory/MR-26-23/MR-26-23_B.webp, MR%20Inventory/MR-26-23/MR-26-23_C.webp, MR%20Inventory/MR-26-23/MR-26-23_D.webp, MR%20Inventory/MR-26-23/MR-26-23_E.webp",4 October 2026 20:27,Oak,Essex,"Bark pocket, Mould"," Ø50 × H40 cm",Plain wall,End grain,Lateral,C - Rupture,Resolved,"Oiling, Scorching, Wax retention",Enquiries,